-- --------------------------------------------------------
-- Host:                         127.0.0.1
-- Server version:               10.4.18-MariaDB - mariadb.org binary distribution
-- Server OS:                    Win64
-- HeidiSQL Version:             11.2.0.6213
-- --------------------------------------------------------

/*!40101 SET @OLD_CHARACTER_SET_CLIENT=@@CHARACTER_SET_CLIENT */;
/*!40101 SET NAMES utf8 */;
/*!50503 SET NAMES utf8mb4 */;
/*!40014 SET @OLD_FOREIGN_KEY_CHECKS=@@FOREIGN_KEY_CHECKS, FOREIGN_KEY_CHECKS=0 */;
/*!40101 SET @OLD_SQL_MODE=@@SQL_MODE, SQL_MODE='NO_AUTO_VALUE_ON_ZERO' */;
/*!40111 SET @OLD_SQL_NOTES=@@SQL_NOTES, SQL_NOTES=0 */;

-- Dumping structure for table raport.absen
CREATE TABLE IF NOT EXISTS `absen` (
  `id` varchar(50) NOT NULL,
  `student_id` varchar(50) NOT NULL,
  `quiz_student_id` varchar(50) NOT NULL,
  `absen_type_id` varchar(50) DEFAULT NULL,
  `date_absen_id` varchar(50) NOT NULL,
  `is_deleted` tinyint(1) NOT NULL DEFAULT 0,
  `created_at` datetime DEFAULT NULL,
  `updated_at` datetime DEFAULT NULL
) ENGINE=InnoDB DEFAULT CHARSET=utf8mb4;

-- Dumping data for table raport.absen: ~16 rows (approximately)
/*!40000 ALTER TABLE `absen` DISABLE KEYS */;
INSERT INTO `absen` (`id`, `student_id`, `quiz_student_id`, `absen_type_id`, `date_absen_id`, `is_deleted`, `created_at`, `updated_at`) VALUES
	('51fcec55-7d9d-4804-b17d-f4765520d614', 'd03cb280-ffbe-11eb-846b-83c8ff0bd825', '5bc03530-022a-11ec-b541-6d8f569f5aef', 'f32136a0-ffbe-11eb-8058-af131641b853', '5bc072b0-022a-11ec-86de-7985aae8d465', 0, '2021-08-21 10:49:33', '2021-08-21 10:49:33'),
	('4246c8cb-c24d-4772-8e29-43709a0173bb', 'd03cb280-ffbe-11eb-846b-83c8ff0bd825', '5bc03530-022a-11ec-b541-6d8f569f5aef', 'e44bf5a0-ffbe-11eb-b806-f791c079f6e3', '5bc07f60-022a-11ec-a1ec-3fbe9f1dc758', 0, '2020-08-21 10:49:33', '2021-08-21 10:49:33'),
	('4543ff07-91a1-4168-95cd-e1107b0aba1e', 'd03cb280-ffbe-11eb-846b-83c8ff0bd825', '5bc03530-022a-11ec-b541-6d8f569f5aef', 'e44bf5a0-ffbe-11eb-b806-f791c079f6e3', '5bc08fb0-022a-11ec-bfd8-69f4c04198c0', 0, '2021-08-21 10:49:33', '2021-08-21 10:49:33'),
	('ce8eb364-ed69-4b19-a537-71032cae4305', 'd03cb280-ffbe-11eb-846b-83c8ff0bd825', '5bc03530-022a-11ec-b541-6d8f569f5aef', 'e44bf5a0-ffbe-11eb-b806-f791c079f6e3', '5bc0e150-022a-11ec-b1bf-9bdac8b44a9c', 0, '2021-08-21 10:49:33', '2021-08-21 10:49:33'),
	('1c548a9a-bfea-4776-8d4d-6d84d9de1896', 'd03cb280-ffbe-11eb-846b-83c8ff0bd825', 'a938c830-022d-11ec-9408-f5dc89df3aa9', 'e44bf5a0-ffbe-11eb-b806-f791c079f6e3', 'a93900f0-022d-11ec-959e-e5b96b7282d1', 0, '2021-08-21 11:32:27', '2021-08-21 11:32:27'),
	('7fbe0fc5-ad66-4e3c-8e48-2a42c46031ac', 'd03cb280-ffbe-11eb-846b-83c8ff0bd825', 'a938c830-022d-11ec-9408-f5dc89df3aa9', 'e44bf5a0-ffbe-11eb-b806-f791c079f6e3', 'a9396e40-022d-11ec-8d2b-773ba1f26073', 0, '2021-08-21 11:32:27', '2021-08-21 11:32:27'),
	('4a39edc1-8bf0-4b56-a9a1-7a7e0aa17696', 'd03cb280-ffbe-11eb-846b-83c8ff0bd825', 'a938c830-022d-11ec-9408-f5dc89df3aa9', 'e44bf5a0-ffbe-11eb-b806-f791c079f6e3', 'a93988b0-022d-11ec-ac79-b56808eaf3f8', 0, '2021-08-21 11:32:27', '2021-08-21 11:32:27'),
	('dda7a42b-8070-4ab9-b8b5-25aac9ba11c3', 'd03cb280-ffbe-11eb-846b-83c8ff0bd825', 'a938c830-022d-11ec-9408-f5dc89df3aa9', 'e44bf5a0-ffbe-11eb-b806-f791c079f6e3', 'a939c4a0-022d-11ec-9491-abdcb7b74857', 0, '2021-08-21 11:32:27', '2021-08-21 11:32:27'),
	('c73093b3-3915-4a90-8f1e-304ab7cce096', 'd03cb280-ffbe-11eb-846b-83c8ff0bd825', '7fbe37f0-0230-11ec-9cc9-113d16d96bbe', 'e44bf5a0-ffbe-11eb-b806-f791c079f6e3', 'ad2043d0-022e-11ec-a891-e7ea40882610', 0, '2021-08-21 11:33:17', '2021-08-21 11:33:17'),
	('c572a6a7-6fbc-4cd4-a32b-a53586654ac5', 'd03cb280-ffbe-11eb-846b-83c8ff0bd825', '7fbe37f0-0230-11ec-9cc9-113d16d96bbe', 'f32136a0-ffbe-11eb-8058-af131641b853', 'ad208df0-022e-11ec-9f77-dbb71605366b', 0, '2021-08-21 11:33:17', '2021-08-21 11:33:17'),
	('4ef4ac1b-3970-438e-ae11-dfa010d4196f', 'd03cb280-ffbe-11eb-846b-83c8ff0bd825', '7fbe37f0-0230-11ec-9cc9-113d16d96bbe', 'e44bf5a0-ffbe-11eb-b806-f791c079f6e3', 'ad20a130-022e-11ec-a1eb-79305d15e11d', 0, '2021-08-21 11:33:17', '2021-08-21 11:34:09'),
	('4ec2daa1-d819-434b-b299-92fe54e738dd', 'd03cb280-ffbe-11eb-846b-83c8ff0bd825', '7fbe37f0-0230-11ec-9cc9-113d16d96bbe', 'e44bf5a0-ffbe-11eb-b806-f791c079f6e3', 'ad20b2f0-022e-11ec-9530-553e0f860372', 0, '2021-08-21 11:33:17', '2021-08-21 11:34:09'),
	('85fcf761-598e-45f6-b8cf-f0149d02b589', 'd03cb280-ffbe-11eb-846b-83c8ff0bd825', '7fbe37f0-0230-11ec-9cc9-113d16d96bbe', NULL, '7fbe7180-0230-11ec-9c28-356d875d1a45', 0, '2021-08-21 11:33:17', '2021-08-21 11:33:17'),
	('a58d0fb8-15b2-4a73-b299-8dc29e029a58', 'd03cb280-ffbe-11eb-846b-83c8ff0bd825', '7fbe37f0-0230-11ec-9cc9-113d16d96bbe', NULL, '7fbe8510-0230-11ec-bc9e-e1803c975541', 0, '2021-08-21 11:33:17', '2021-08-21 11:33:17'),
	('871b2b5c-5fdc-4bfa-9f8c-a128484a3cd0', 'd03cb280-ffbe-11eb-846b-83c8ff0bd825', '7fbe37f0-0230-11ec-9cc9-113d16d96bbe', NULL, '7fbe9190-0230-11ec-8bdb-4370a973185c', 0, '2021-08-21 11:33:17', '2021-08-21 11:33:17'),
	('258fbefb-a1f7-490c-910e-0af5dcae1f75', 'd03cb280-ffbe-11eb-846b-83c8ff0bd825', '7fbe37f0-0230-11ec-9cc9-113d16d96bbe', NULL, '7fbea2f0-0230-11ec-8145-27a6530deade', 0, '2021-08-21 11:33:17', '2021-08-21 11:33:17');
/*!40000 ALTER TABLE `absen` ENABLE KEYS */;

-- Dumping structure for table raport.absen_type
CREATE TABLE IF NOT EXISTS `absen_type` (
  `id` varchar(50) DEFAULT NULL,
  `name_absen_type` varchar(50) NOT NULL,
  `description` text NOT NULL,
  `is_deleted` tinyint(1) DEFAULT 0,
  `created_at` datetime DEFAULT NULL,
  `updated_at` datetime DEFAULT NULL
) ENGINE=InnoDB DEFAULT CHARSET=utf8mb4;

-- Dumping data for table raport.absen_type: ~3 rows (approximately)
/*!40000 ALTER TABLE `absen_type` DISABLE KEYS */;
INSERT INTO `absen_type` (`id`, `name_absen_type`, `description`, `is_deleted`, `created_at`, `updated_at`) VALUES
	('dde9baa0-ffbe-11eb-b4d3-ad1e2c6dec6c', 'I', 'Ijin', 0, '2021-08-18 00:54:39', '2021-08-18 00:55:00'),
	('e44bf5a0-ffbe-11eb-b806-f791c079f6e3', 'H', 'Hadir', 0, '2021-08-18 00:54:50', NULL),
	('f32136a0-ffbe-11eb-8058-af131641b853', 'A', 'Alpha', 0, '2021-08-18 00:55:15', NULL);
/*!40000 ALTER TABLE `absen_type` ENABLE KEYS */;

-- Dumping structure for table raport.class_room
CREATE TABLE IF NOT EXISTS `class_room` (
  `id` varchar(50) DEFAULT NULL,
  `name_class_room` varchar(50) NOT NULL,
  `description` text NOT NULL,
  `name_speaker` varchar(50) NOT NULL,
  `is_deleted` tinyint(1) DEFAULT 0,
  `created_at` datetime DEFAULT NULL,
  `updated_at` datetime DEFAULT NULL
) ENGINE=InnoDB DEFAULT CHARSET=utf8mb4;

-- Dumping data for table raport.class_room: ~1 rows (approximately)
/*!40000 ALTER TABLE `class_room` DISABLE KEYS */;
INSERT INTO `class_room` (`id`, `name_class_room`, `description`, `name_speaker`, `is_deleted`, `created_at`, `updated_at`) VALUES
	('c9998c40-ffbe-11eb-8487-1d4968e9ac20', 'senin pagi', 'Absensi Kelas IQRO Senin, 12.30 - 14.00 wib/ 13.30 - 15.00 wita', 'AMALIAH UMMU RAMMA', 0, '2021-08-18 00:54:05', NULL),
	('c3843650-00ed-11ec-b74e-39672f6ef9f4', 'senin malam', 'Absensi Kelas IQRO Senin, 20.00 - 22.00 wita', 'Rani Ummu Fauzan', 0, '2021-08-19 21:02:52', '2021-08-21 11:51:14');
/*!40000 ALTER TABLE `class_room` ENABLE KEYS */;

-- Dumping structure for table raport.log_error
CREATE TABLE IF NOT EXISTS `log_error` (
  `id` int(10) unsigned NOT NULL AUTO_INCREMENT,
  `message` text NOT NULL,
  `fitur` text NOT NULL,
  `created_at` datetime NOT NULL,
  PRIMARY KEY (`id`)
) ENGINE=InnoDB AUTO_INCREMENT=4 DEFAULT CHARSET=utf8mb4;

-- Dumping data for table raport.log_error: ~2 rows (approximately)
/*!40000 ALTER TABLE `log_error` DISABLE KEYS */;
INSERT INTO `log_error` (`id`, `message`, `fitur`, `created_at`) VALUES
	(2, 'PDOException: SQLSTATE[23000]: Integrity constraint violation: 1048 Column \'name_quiz\' cannot be null in D:\\projects\\rapot\\vendor\\laravel\\framework\\src\\Illuminate\\Database\\Connection.php:464\nStack trace:\n#0 D:\\projects\\rapot\\vendor\\laravel\\framework\\src\\Illuminate\\Database\\Connection.php(464): PDOStatement->execute()\n#1 D:\\projects\\rapot\\vendor\\laravel\\framework\\src\\Illuminate\\Database\\Connection.php(664): Illuminate\\Database\\Connection->Illuminate\\Database\\{closure}(\'insert into `qu...\', Array)\n#2 D:\\projects\\rapot\\vendor\\laravel\\framework\\src\\Illuminate\\Database\\Connection.php(631): Illuminate\\Database\\Connection->runQueryCallback(\'insert into `qu...\', Array, Object(Closure))\n#3 D:\\projects\\rapot\\vendor\\laravel\\framework\\src\\Illuminate\\Database\\Connection.php(465): Illuminate\\Database\\Connection->run(\'insert into `qu...\', Array, Object(Closure))\n#4 D:\\projects\\rapot\\vendor\\laravel\\framework\\src\\Illuminate\\Database\\Connection.php(417): Illuminate\\Database\\Connection->statement(\'insert into `qu...\', Array)\n#5 D:\\projects\\rapot\\vendor\\laravel\\framework\\src\\Illuminate\\Database\\Query\\Builder.php(2795): Illuminate\\Database\\Connection->insert(\'insert into `qu...\', Array)\n#6 D:\\projects\\rapot\\app\\Http\\Controllers\\MasterQuizController.php(61): Illuminate\\Database\\Query\\Builder->insert(Array)\n#7 D:\\projects\\rapot\\vendor\\laravel\\framework\\src\\Illuminate\\Routing\\Controller.php(54): App\\Http\\Controllers\\MasterQuizController->store()\n#8 D:\\projects\\rapot\\vendor\\laravel\\framework\\src\\Illuminate\\Routing\\ControllerDispatcher.php(45): Illuminate\\Routing\\Controller->callAction(\'store\', Array)\n#9 D:\\projects\\rapot\\vendor\\laravel\\framework\\src\\Illuminate\\Routing\\Route.php(239): Illuminate\\Routing\\ControllerDispatcher->dispatch(Object(Illuminate\\Routing\\Route), Object(App\\Http\\Controllers\\MasterQuizController), \'store\')\n#10 D:\\projects\\rapot\\vendor\\laravel\\framework\\src\\Illuminate\\Routing\\Route.php(196): Illuminate\\Routing\\Route->runController()\n#11 D:\\projects\\rapot\\vendor\\laravel\\framework\\src\\Illuminate\\Routing\\Router.php(685): Illuminate\\Routing\\Route->run()\n#12 D:\\projects\\rapot\\vendor\\laravel\\framework\\src\\Illuminate\\Pipeline\\Pipeline.php(128): Illuminate\\Routing\\Router->Illuminate\\Routing\\{closure}(Object(Illuminate\\Http\\Request))\n#13 D:\\projects\\rapot\\vendor\\laravel\\framework\\src\\Illuminate\\Routing\\Middleware\\SubstituteBindings.php(41): Illuminate\\Pipeline\\Pipeline->Illuminate\\Pipeline\\{closure}(Object(Illuminate\\Http\\Request))\n#14 D:\\projects\\rapot\\vendor\\laravel\\framework\\src\\Illuminate\\Pipeline\\Pipeline.php(167): Illuminate\\Routing\\Middleware\\SubstituteBindings->handle(Object(Illuminate\\Http\\Request), Object(Closure))\n#15 D:\\projects\\rapot\\vendor\\laravel\\framework\\src\\Illuminate\\Foundation\\Http\\Middleware\\VerifyCsrfToken.php(78): Illuminate\\Pipeline\\Pipeline->Illuminate\\Pipeline\\{closure}(Object(Illuminate\\Http\\Request))\n#16 D:\\projects\\rapot\\vendor\\laravel\\framework\\src\\Illuminate\\Pipeline\\Pipeline.php(167): Illuminate\\Foundation\\Http\\Middleware\\VerifyCsrfToken->handle(Object(Illuminate\\Http\\Request), Object(Closure))\n#17 D:\\projects\\rapot\\vendor\\laravel\\framework\\src\\Illuminate\\View\\Middleware\\ShareErrorsFromSession.php(49): Illuminate\\Pipeline\\Pipeline->Illuminate\\Pipeline\\{closure}(Object(Illuminate\\Http\\Request))\n#18 D:\\projects\\rapot\\vendor\\laravel\\framework\\src\\Illuminate\\Pipeline\\Pipeline.php(167): Illuminate\\View\\Middleware\\ShareErrorsFromSession->handle(Object(Illuminate\\Http\\Request), Object(Closure))\n#19 D:\\projects\\rapot\\vendor\\laravel\\framework\\src\\Illuminate\\Session\\Middleware\\StartSession.php(116): Illuminate\\Pipeline\\Pipeline->Illuminate\\Pipeline\\{closure}(Object(Illuminate\\Http\\Request))\n#20 D:\\projects\\rapot\\vendor\\laravel\\framework\\src\\Illuminate\\Session\\Middleware\\StartSession.php(62): Illuminate\\Session\\Middleware\\StartSession->handleStatefulRequest(Object(Illuminate\\Http\\Request), Object(Illuminate\\Session\\Store), Object(Closure))\n#21 D:\\projects\\rapot\\vendor\\laravel\\framework\\src\\Illuminate\\Pipeline\\Pipeline.php(167): Illuminate\\Session\\Middleware\\StartSession->handle(Object(Illuminate\\Http\\Request), Object(Closure))\n#22 D:\\projects\\rapot\\vendor\\laravel\\framework\\src\\Illuminate\\Cookie\\Middleware\\AddQueuedCookiesToResponse.php(37): Illuminate\\Pipeline\\Pipeline->Illuminate\\Pipeline\\{closure}(Object(Illuminate\\Http\\Request))\n#23 D:\\projects\\rapot\\vendor\\laravel\\framework\\src\\Illuminate\\Pipeline\\Pipeline.php(167): Illuminate\\Cookie\\Middleware\\AddQueuedCookiesToResponse->handle(Object(Illuminate\\Http\\Request), Object(Closure))\n#24 D:\\projects\\rapot\\vendor\\laravel\\framework\\src\\Illuminate\\Cookie\\Middleware\\EncryptCookies.php(67): Illuminate\\Pipeline\\Pipeline->Illuminate\\Pipeline\\{closure}(Object(Illuminate\\Http\\Request))\n#25 D:\\projects\\rapot\\vendor\\laravel\\framework\\src\\Illuminate\\Pipeline\\Pipeline.php(167): Illuminate\\Cookie\\Middleware\\EncryptCookies->handle(Object(Illuminate\\Http\\Request), Object(Closure))\n#26 D:\\projects\\rapot\\vendor\\laravel\\framework\\src\\Illuminate\\Pipeline\\Pipeline.php(103): Illuminate\\Pipeline\\Pipeline->Illuminate\\Pipeline\\{closure}(Object(Illuminate\\Http\\Request))\n#27 D:\\projects\\rapot\\vendor\\laravel\\framework\\src\\Illuminate\\Routing\\Router.php(687): Illuminate\\Pipeline\\Pipeline->then(Object(Closure))\n#28 D:\\projects\\rapot\\vendor\\laravel\\framework\\src\\Illuminate\\Routing\\Router.php(662): Illuminate\\Routing\\Router->runRouteWithinStack(Object(Illuminate\\Routing\\Route), Object(Illuminate\\Http\\Request))\n#29 D:\\projects\\rapot\\vendor\\laravel\\framework\\src\\Illuminate\\Routing\\Router.php(628): Illuminate\\Routing\\Router->runRoute(Object(Illuminate\\Http\\Request), Object(Illuminate\\Routing\\Route))\n#30 D:\\projects\\rapot\\vendor\\laravel\\framework\\src\\Illuminate\\Routing\\Router.php(617): Illuminate\\Routing\\Router->dispatchToRoute(Object(Illuminate\\Http\\Request))\n#31 D:\\projects\\rapot\\vendor\\laravel\\framework\\src\\Illuminate\\Foundation\\Http\\Kernel.php(165): Illuminate\\Routing\\Router->dispatch(Object(Illuminate\\Http\\Request))\n#32 D:\\projects\\rapot\\vendor\\laravel\\framework\\src\\Illuminate\\Pipeline\\Pipeline.php(128): Illuminate\\Foundation\\Http\\Kernel->Illuminate\\Foundation\\Http\\{closure}(Object(Illuminate\\Http\\Request))\n#33 D:\\projects\\rapot\\vendor\\laravel\\framework\\src\\Illuminate\\Foundation\\Http\\Middleware\\TransformsRequest.php(21): Illuminate\\Pipeline\\Pipeline->Illuminate\\Pipeline\\{closure}(Object(Illuminate\\Http\\Request))\n#34 D:\\projects\\rapot\\vendor\\laravel\\framework\\src\\Illuminate\\Pipeline\\Pipeline.php(167): Illuminate\\Foundation\\Http\\Middleware\\TransformsRequest->handle(Object(Illuminate\\Http\\Request), Object(Closure))\n#35 D:\\projects\\rapot\\vendor\\laravel\\framework\\src\\Illuminate\\Foundation\\Http\\Middleware\\TransformsRequest.php(21): Illuminate\\Pipeline\\Pipeline->Illuminate\\Pipeline\\{closure}(Object(Illuminate\\Http\\Request))\n#36 D:\\projects\\rapot\\vendor\\laravel\\framework\\src\\Illuminate\\Pipeline\\Pipeline.php(167): Illuminate\\Foundation\\Http\\Middleware\\TransformsRequest->handle(Object(Illuminate\\Http\\Request), Object(Closure))\n#37 D:\\projects\\rapot\\vendor\\laravel\\framework\\src\\Illuminate\\Foundation\\Http\\Middleware\\ValidatePostSize.php(27): Illuminate\\Pipeline\\Pipeline->Illuminate\\Pipeline\\{closure}(Object(Illuminate\\Http\\Request))\n#38 D:\\projects\\rapot\\vendor\\laravel\\framework\\src\\Illuminate\\Pipeline\\Pipeline.php(167): Illuminate\\Foundation\\Http\\Middleware\\ValidatePostSize->handle(Object(Illuminate\\Http\\Request), Object(Closure))\n#39 D:\\projects\\rapot\\vendor\\laravel\\framework\\src\\Illuminate\\Foundation\\Http\\Middleware\\CheckForMaintenanceMode.php(63): Illuminate\\Pipeline\\Pipeline->Illuminate\\Pipeline\\{closure}(Object(Illuminate\\Http\\Request))\n#40 D:\\projects\\rapot\\vendor\\laravel\\framework\\src\\Illuminate\\Pipeline\\Pipeline.php(167): Illuminate\\Foundation\\Http\\Middleware\\CheckForMaintenanceMode->handle(Object(Illuminate\\Http\\Request), Object(Closure))\n#41 D:\\projects\\rapot\\vendor\\fruitcake\\laravel-cors\\src\\HandleCors.php(38): Illuminate\\Pipeline\\Pipeline->Illuminate\\Pipeline\\{closure}(Object(Illuminate\\Http\\Request))\n#42 D:\\projects\\rapot\\vendor\\laravel\\framework\\src\\Illuminate\\Pipeline\\Pipeline.php(167): Fruitcake\\Cors\\HandleCors->handle(Object(Illuminate\\Http\\Request), Object(Closure))\n#43 D:\\projects\\rapot\\vendor\\fideloper\\proxy\\src\\TrustProxies.php(57): Illuminate\\Pipeline\\Pipeline->Illuminate\\Pipeline\\{closure}(Object(Illuminate\\Http\\Request))\n#44 D:\\projects\\rapot\\vendor\\laravel\\framework\\src\\Illuminate\\Pipeline\\Pipeline.php(167): Fideloper\\Proxy\\TrustProxies->handle(Object(Illuminate\\Http\\Request), Object(Closure))\n#45 D:\\projects\\rapot\\vendor\\laravel\\framework\\src\\Illuminate\\Pipeline\\Pipeline.php(103): Illuminate\\Pipeline\\Pipeline->Illuminate\\Pipeline\\{closure}(Object(Illuminate\\Http\\Request))\n#46 D:\\projects\\rapot\\vendor\\laravel\\framework\\src\\Illuminate\\Foundation\\Http\\Kernel.php(140): Illuminate\\Pipeline\\Pipeline->then(Object(Closure))\n#47 D:\\projects\\rapot\\vendor\\laravel\\framework\\src\\Illuminate\\Foundation\\Http\\Kernel.php(109): Illuminate\\Foundation\\Http\\Kernel->sendRequestThroughRouter(Object(Illuminate\\Http\\Request))\n#48 D:\\projects\\rapot\\public\\index.php(55): Illuminate\\Foundation\\Http\\Kernel->handle(Object(Illuminate\\Http\\Request))\n#49 D:\\projects\\rapot\\server.php(21): require_once(\'D:\\\\projects\\\\rap...\')\n#50 {main}\n\nNext Illuminate\\Database\\QueryException: SQLSTATE[23000]: Integrity constraint violation: 1048 Column \'name_quiz\' cannot be null (SQL: insert into `quiz` (`id`, `name_quiz`, `description`, `created_at`) values (ebf64f60-009b-11ec-9f9f-092d66faee09, ?, ?, 2021-08-19 11:17:02)) in D:\\projects\\rapot\\vendor\\laravel\\framework\\src\\Illuminate\\Database\\Connection.php:671\nStack trace:\n#0 D:\\projects\\rapot\\vendor\\laravel\\framework\\src\\Illuminate\\Database\\Connection.php(631): Illuminate\\Database\\Connection->runQueryCallback(\'insert into `qu...\', Array, Object(Closure))\n#1 D:\\projects\\rapot\\vendor\\laravel\\framework\\src\\Illuminate\\Database\\Connection.php(465): Illuminate\\Database\\Connection->run(\'insert into `qu...\', Array, Object(Closure))\n#2 D:\\projects\\rapot\\vendor\\laravel\\framework\\src\\Illuminate\\Database\\Connection.php(417): Illuminate\\Database\\Connection->statement(\'insert into `qu...\', Array)\n#3 D:\\projects\\rapot\\vendor\\laravel\\framework\\src\\Illuminate\\Database\\Query\\Builder.php(2795): Illuminate\\Database\\Connection->insert(\'insert into `qu...\', Array)\n#4 D:\\projects\\rapot\\app\\Http\\Controllers\\MasterQuizController.php(61): Illuminate\\Database\\Query\\Builder->insert(Array)\n#5 D:\\projects\\rapot\\vendor\\laravel\\framework\\src\\Illuminate\\Routing\\Controller.php(54): App\\Http\\Controllers\\MasterQuizController->store()\n#6 D:\\projects\\rapot\\vendor\\laravel\\framework\\src\\Illuminate\\Routing\\ControllerDispatcher.php(45): Illuminate\\Routing\\Controller->callAction(\'store\', Array)\n#7 D:\\projects\\rapot\\vendor\\laravel\\framework\\src\\Illuminate\\Routing\\Route.php(239): Illuminate\\Routing\\ControllerDispatcher->dispatch(Object(Illuminate\\Routing\\Route), Object(App\\Http\\Controllers\\MasterQuizController), \'store\')\n#8 D:\\projects\\rapot\\vendor\\laravel\\framework\\src\\Illuminate\\Routing\\Route.php(196): Illuminate\\Routing\\Route->runController()\n#9 D:\\projects\\rapot\\vendor\\laravel\\framework\\src\\Illuminate\\Routing\\Router.php(685): Illuminate\\Routing\\Route->run()\n#10 D:\\projects\\rapot\\vendor\\laravel\\framework\\src\\Illuminate\\Pipeline\\Pipeline.php(128): Illuminate\\Routing\\Router->Illuminate\\Routing\\{closure}(Object(Illuminate\\Http\\Request))\n#11 D:\\projects\\rapot\\vendor\\laravel\\framework\\src\\Illuminate\\Routing\\Middleware\\SubstituteBindings.php(41): Illuminate\\Pipeline\\Pipeline->Illuminate\\Pipeline\\{closure}(Object(Illuminate\\Http\\Request))\n#12 D:\\projects\\rapot\\vendor\\laravel\\framework\\src\\Illuminate\\Pipeline\\Pipeline.php(167): Illuminate\\Routing\\Middleware\\SubstituteBindings->handle(Object(Illuminate\\Http\\Request), Object(Closure))\n#13 D:\\projects\\rapot\\vendor\\laravel\\framework\\src\\Illuminate\\Foundation\\Http\\Middleware\\VerifyCsrfToken.php(78): Illuminate\\Pipeline\\Pipeline->Illuminate\\Pipeline\\{closure}(Object(Illuminate\\Http\\Request))\n#14 D:\\projects\\rapot\\vendor\\laravel\\framework\\src\\Illuminate\\Pipeline\\Pipeline.php(167): Illuminate\\Foundation\\Http\\Middleware\\VerifyCsrfToken->handle(Object(Illuminate\\Http\\Request), Object(Closure))\n#15 D:\\projects\\rapot\\vendor\\laravel\\framework\\src\\Illuminate\\View\\Middleware\\ShareErrorsFromSession.php(49): Illuminate\\Pipeline\\Pipeline->Illuminate\\Pipeline\\{closure}(Object(Illuminate\\Http\\Request))\n#16 D:\\projects\\rapot\\vendor\\laravel\\framework\\src\\Illuminate\\Pipeline\\Pipeline.php(167): Illuminate\\View\\Middleware\\ShareErrorsFromSession->handle(Object(Illuminate\\Http\\Request), Object(Closure))\n#17 D:\\projects\\rapot\\vendor\\laravel\\framework\\src\\Illuminate\\Session\\Middleware\\StartSession.php(116): Illuminate\\Pipeline\\Pipeline->Illuminate\\Pipeline\\{closure}(Object(Illuminate\\Http\\Request))\n#18 D:\\projects\\rapot\\vendor\\laravel\\framework\\src\\Illuminate\\Session\\Middleware\\StartSession.php(62): Illuminate\\Session\\Middleware\\StartSession->handleStatefulRequest(Object(Illuminate\\Http\\Request), Object(Illuminate\\Session\\Store), Object(Closure))\n#19 D:\\projects\\rapot\\vendor\\laravel\\framework\\src\\Illuminate\\Pipeline\\Pipeline.php(167): Illuminate\\Session\\Middleware\\StartSession->handle(Object(Illuminate\\Http\\Request), Object(Closure))\n#20 D:\\projects\\rapot\\vendor\\laravel\\framework\\src\\Illuminate\\Cookie\\Middleware\\AddQueuedCookiesToResponse.php(37): Illuminate\\Pipeline\\Pipeline->Illuminate\\Pipeline\\{closure}(Object(Illuminate\\Http\\Request))\n#21 D:\\projects\\rapot\\vendor\\laravel\\framework\\src\\Illuminate\\Pipeline\\Pipeline.php(167): Illuminate\\Cookie\\Middleware\\AddQueuedCookiesToResponse->handle(Object(Illuminate\\Http\\Request), Object(Closure))\n#22 D:\\projects\\rapot\\vendor\\laravel\\framework\\src\\Illuminate\\Cookie\\Middleware\\EncryptCookies.php(67): Illuminate\\Pipeline\\Pipeline->Illuminate\\Pipeline\\{closure}(Object(Illuminate\\Http\\Request))\n#23 D:\\projects\\rapot\\vendor\\laravel\\framework\\src\\Illuminate\\Pipeline\\Pipeline.php(167): Illuminate\\Cookie\\Middleware\\EncryptCookies->handle(Object(Illuminate\\Http\\Request), Object(Closure))\n#24 D:\\projects\\rapot\\vendor\\laravel\\framework\\src\\Illuminate\\Pipeline\\Pipeline.php(103): Illuminate\\Pipeline\\Pipeline->Illuminate\\Pipeline\\{closure}(Object(Illuminate\\Http\\Request))\n#25 D:\\projects\\rapot\\vendor\\laravel\\framework\\src\\Illuminate\\Routing\\Router.php(687): Illuminate\\Pipeline\\Pipeline->then(Object(Closure))\n#26 D:\\projects\\rapot\\vendor\\laravel\\framework\\src\\Illuminate\\Routing\\Router.php(662): Illuminate\\Routing\\Router->runRouteWithinStack(Object(Illuminate\\Routing\\Route), Object(Illuminate\\Http\\Request))\n#27 D:\\projects\\rapot\\vendor\\laravel\\framework\\src\\Illuminate\\Routing\\Router.php(628): Illuminate\\Routing\\Router->runRoute(Object(Illuminate\\Http\\Request), Object(Illuminate\\Routing\\Route))\n#28 D:\\projects\\rapot\\vendor\\laravel\\framework\\src\\Illuminate\\Routing\\Router.php(617): Illuminate\\Routing\\Router->dispatchToRoute(Object(Illuminate\\Http\\Request))\n#29 D:\\projects\\rapot\\vendor\\laravel\\framework\\src\\Illuminate\\Foundation\\Http\\Kernel.php(165): Illuminate\\Routing\\Router->dispatch(Object(Illuminate\\Http\\Request))\n#30 D:\\projects\\rapot\\vendor\\laravel\\framework\\src\\Illuminate\\Pipeline\\Pipeline.php(128): Illuminate\\Foundation\\Http\\Kernel->Illuminate\\Foundation\\Http\\{closure}(Object(Illuminate\\Http\\Request))\n#31 D:\\projects\\rapot\\vendor\\laravel\\framework\\src\\Illuminate\\Foundation\\Http\\Middleware\\TransformsRequest.php(21): Illuminate\\Pipeline\\Pipeline->Illuminate\\Pipeline\\{closure}(Object(Illuminate\\Http\\Request))\n#32 D:\\projects\\rapot\\vendor\\laravel\\framework\\src\\Illuminate\\Pipeline\\Pipeline.php(167): Illuminate\\Foundation\\Http\\Middleware\\TransformsRequest->handle(Object(Illuminate\\Http\\Request), Object(Closure))\n#33 D:\\projects\\rapot\\vendor\\laravel\\framework\\src\\Illuminate\\Foundation\\Http\\Middleware\\TransformsRequest.php(21): Illuminate\\Pipeline\\Pipeline->Illuminate\\Pipeline\\{closure}(Object(Illuminate\\Http\\Request))\n#34 D:\\projects\\rapot\\vendor\\laravel\\framework\\src\\Illuminate\\Pipeline\\Pipeline.php(167): Illuminate\\Foundation\\Http\\Middleware\\TransformsRequest->handle(Object(Illuminate\\Http\\Request), Object(Closure))\n#35 D:\\projects\\rapot\\vendor\\laravel\\framework\\src\\Illuminate\\Foundation\\Http\\Middleware\\ValidatePostSize.php(27): Illuminate\\Pipeline\\Pipeline->Illuminate\\Pipeline\\{closure}(Object(Illuminate\\Http\\Request))\n#36 D:\\projects\\rapot\\vendor\\laravel\\framework\\src\\Illuminate\\Pipeline\\Pipeline.php(167): Illuminate\\Foundation\\Http\\Middleware\\ValidatePostSize->handle(Object(Illuminate\\Http\\Request), Object(Closure))\n#37 D:\\projects\\rapot\\vendor\\laravel\\framework\\src\\Illuminate\\Foundation\\Http\\Middleware\\CheckForMaintenanceMode.php(63): Illuminate\\Pipeline\\Pipeline->Illuminate\\Pipeline\\{closure}(Object(Illuminate\\Http\\Request))\n#38 D:\\projects\\rapot\\vendor\\laravel\\framework\\src\\Illuminate\\Pipeline\\Pipeline.php(167): Illuminate\\Foundation\\Http\\Middleware\\CheckForMaintenanceMode->handle(Object(Illuminate\\Http\\Request), Object(Closure))\n#39 D:\\projects\\rapot\\vendor\\fruitcake\\laravel-cors\\src\\HandleCors.php(38): Illuminate\\Pipeline\\Pipeline->Illuminate\\Pipeline\\{closure}(Object(Illuminate\\Http\\Request))\n#40 D:\\projects\\rapot\\vendor\\laravel\\framework\\src\\Illuminate\\Pipeline\\Pipeline.php(167): Fruitcake\\Cors\\HandleCors->handle(Object(Illuminate\\Http\\Request), Object(Closure))\n#41 D:\\projects\\rapot\\vendor\\fideloper\\proxy\\src\\TrustProxies.php(57): Illuminate\\Pipeline\\Pipeline->Illuminate\\Pipeline\\{closure}(Object(Illuminate\\Http\\Request))\n#42 D:\\projects\\rapot\\vendor\\laravel\\framework\\src\\Illuminate\\Pipeline\\Pipeline.php(167): Fideloper\\Proxy\\TrustProxies->handle(Object(Illuminate\\Http\\Request), Object(Closure))\n#43 D:\\projects\\rapot\\vendor\\laravel\\framework\\src\\Illuminate\\Pipeline\\Pipeline.php(103): Illuminate\\Pipeline\\Pipeline->Illuminate\\Pipeline\\{closure}(Object(Illuminate\\Http\\Request))\n#44 D:\\projects\\rapot\\vendor\\laravel\\framework\\src\\Illuminate\\Foundation\\Http\\Kernel.php(140): Illuminate\\Pipeline\\Pipeline->then(Object(Closure))\n#45 D:\\projects\\rapot\\vendor\\laravel\\framework\\src\\Illuminate\\Foundation\\Http\\Kernel.php(109): Illuminate\\Foundation\\Http\\Kernel->sendRequestThroughRouter(Object(Illuminate\\Http\\Request))\n#46 D:\\projects\\rapot\\public\\index.php(55): Illuminate\\Foundation\\Http\\Kernel->handle(Object(Illuminate\\Http\\Request))\n#47 D:\\projects\\rapot\\server.php(21): require_once(\'D:\\\\projects\\\\rap...\')\n#48 {main}', 'MasterQuizController@store', '2021-08-19 11:17:02'),
	(3, 'PDOException: SQLSTATE[23000]: Integrity constraint violation: 1048 Column \'name_absen_type\' cannot be null in D:\\projects\\rapot\\vendor\\laravel\\framework\\src\\Illuminate\\Database\\Connection.php:464\nStack trace:\n#0 D:\\projects\\rapot\\vendor\\laravel\\framework\\src\\Illuminate\\Database\\Connection.php(464): PDOStatement->execute()\n#1 D:\\projects\\rapot\\vendor\\laravel\\framework\\src\\Illuminate\\Database\\Connection.php(664): Illuminate\\Database\\Connection->Illuminate\\Database\\{closure}(\'insert into `ab...\', Array)\n#2 D:\\projects\\rapot\\vendor\\laravel\\framework\\src\\Illuminate\\Database\\Connection.php(631): Illuminate\\Database\\Connection->runQueryCallback(\'insert into `ab...\', Array, Object(Closure))\n#3 D:\\projects\\rapot\\vendor\\laravel\\framework\\src\\Illuminate\\Database\\Connection.php(465): Illuminate\\Database\\Connection->run(\'insert into `ab...\', Array, Object(Closure))\n#4 D:\\projects\\rapot\\vendor\\laravel\\framework\\src\\Illuminate\\Database\\Connection.php(417): Illuminate\\Database\\Connection->statement(\'insert into `ab...\', Array)\n#5 D:\\projects\\rapot\\vendor\\laravel\\framework\\src\\Illuminate\\Database\\Query\\Builder.php(2795): Illuminate\\Database\\Connection->insert(\'insert into `ab...\', Array)\n#6 D:\\projects\\rapot\\app\\Http\\Controllers\\MasterAbsenTypeController.php(84): Illuminate\\Database\\Query\\Builder->insert(Array)\n#7 D:\\projects\\rapot\\vendor\\laravel\\framework\\src\\Illuminate\\Routing\\Controller.php(54): App\\Http\\Controllers\\MasterAbsenTypeController->store()\n#8 D:\\projects\\rapot\\vendor\\laravel\\framework\\src\\Illuminate\\Routing\\ControllerDispatcher.php(45): Illuminate\\Routing\\Controller->callAction(\'store\', Array)\n#9 D:\\projects\\rapot\\vendor\\laravel\\framework\\src\\Illuminate\\Routing\\Route.php(239): Illuminate\\Routing\\ControllerDispatcher->dispatch(Object(Illuminate\\Routing\\Route), Object(App\\Http\\Controllers\\MasterAbsenTypeController), \'store\')\n#10 D:\\projects\\rapot\\vendor\\laravel\\framework\\src\\Illuminate\\Routing\\Route.php(196): Illuminate\\Routing\\Route->runController()\n#11 D:\\projects\\rapot\\vendor\\laravel\\framework\\src\\Illuminate\\Routing\\Router.php(685): Illuminate\\Routing\\Route->run()\n#12 D:\\projects\\rapot\\vendor\\laravel\\framework\\src\\Illuminate\\Pipeline\\Pipeline.php(128): Illuminate\\Routing\\Router->Illuminate\\Routing\\{closure}(Object(Illuminate\\Http\\Request))\n#13 D:\\projects\\rapot\\vendor\\laravel\\framework\\src\\Illuminate\\Routing\\Middleware\\SubstituteBindings.php(41): Illuminate\\Pipeline\\Pipeline->Illuminate\\Pipeline\\{closure}(Object(Illuminate\\Http\\Request))\n#14 D:\\projects\\rapot\\vendor\\laravel\\framework\\src\\Illuminate\\Pipeline\\Pipeline.php(167): Illuminate\\Routing\\Middleware\\SubstituteBindings->handle(Object(Illuminate\\Http\\Request), Object(Closure))\n#15 D:\\projects\\rapot\\vendor\\laravel\\framework\\src\\Illuminate\\Foundation\\Http\\Middleware\\VerifyCsrfToken.php(78): Illuminate\\Pipeline\\Pipeline->Illuminate\\Pipeline\\{closure}(Object(Illuminate\\Http\\Request))\n#16 D:\\projects\\rapot\\vendor\\laravel\\framework\\src\\Illuminate\\Pipeline\\Pipeline.php(167): Illuminate\\Foundation\\Http\\Middleware\\VerifyCsrfToken->handle(Object(Illuminate\\Http\\Request), Object(Closure))\n#17 D:\\projects\\rapot\\vendor\\laravel\\framework\\src\\Illuminate\\View\\Middleware\\ShareErrorsFromSession.php(49): Illuminate\\Pipeline\\Pipeline->Illuminate\\Pipeline\\{closure}(Object(Illuminate\\Http\\Request))\n#18 D:\\projects\\rapot\\vendor\\laravel\\framework\\src\\Illuminate\\Pipeline\\Pipeline.php(167): Illuminate\\View\\Middleware\\ShareErrorsFromSession->handle(Object(Illuminate\\Http\\Request), Object(Closure))\n#19 D:\\projects\\rapot\\vendor\\laravel\\framework\\src\\Illuminate\\Session\\Middleware\\StartSession.php(116): Illuminate\\Pipeline\\Pipeline->Illuminate\\Pipeline\\{closure}(Object(Illuminate\\Http\\Request))\n#20 D:\\projects\\rapot\\vendor\\laravel\\framework\\src\\Illuminate\\Session\\Middleware\\StartSession.php(62): Illuminate\\Session\\Middleware\\StartSession->handleStatefulRequest(Object(Illuminate\\Http\\Request), Object(Illuminate\\Session\\Store), Object(Closure))\n#21 D:\\projects\\rapot\\vendor\\laravel\\framework\\src\\Illuminate\\Pipeline\\Pipeline.php(167): Illuminate\\Session\\Middleware\\StartSession->handle(Object(Illuminate\\Http\\Request), Object(Closure))\n#22 D:\\projects\\rapot\\vendor\\laravel\\framework\\src\\Illuminate\\Cookie\\Middleware\\AddQueuedCookiesToResponse.php(37): Illuminate\\Pipeline\\Pipeline->Illuminate\\Pipeline\\{closure}(Object(Illuminate\\Http\\Request))\n#23 D:\\projects\\rapot\\vendor\\laravel\\framework\\src\\Illuminate\\Pipeline\\Pipeline.php(167): Illuminate\\Cookie\\Middleware\\AddQueuedCookiesToResponse->handle(Object(Illuminate\\Http\\Request), Object(Closure))\n#24 D:\\projects\\rapot\\vendor\\laravel\\framework\\src\\Illuminate\\Cookie\\Middleware\\EncryptCookies.php(67): Illuminate\\Pipeline\\Pipeline->Illuminate\\Pipeline\\{closure}(Object(Illuminate\\Http\\Request))\n#25 D:\\projects\\rapot\\vendor\\laravel\\framework\\src\\Illuminate\\Pipeline\\Pipeline.php(167): Illuminate\\Cookie\\Middleware\\EncryptCookies->handle(Object(Illuminate\\Http\\Request), Object(Closure))\n#26 D:\\projects\\rapot\\vendor\\laravel\\framework\\src\\Illuminate\\Pipeline\\Pipeline.php(103): Illuminate\\Pipeline\\Pipeline->Illuminate\\Pipeline\\{closure}(Object(Illuminate\\Http\\Request))\n#27 D:\\projects\\rapot\\vendor\\laravel\\framework\\src\\Illuminate\\Routing\\Router.php(687): Illuminate\\Pipeline\\Pipeline->then(Object(Closure))\n#28 D:\\projects\\rapot\\vendor\\laravel\\framework\\src\\Illuminate\\Routing\\Router.php(662): Illuminate\\Routing\\Router->runRouteWithinStack(Object(Illuminate\\Routing\\Route), Object(Illuminate\\Http\\Request))\n#29 D:\\projects\\rapot\\vendor\\laravel\\framework\\src\\Illuminate\\Routing\\Router.php(628): Illuminate\\Routing\\Router->runRoute(Object(Illuminate\\Http\\Request), Object(Illuminate\\Routing\\Route))\n#30 D:\\projects\\rapot\\vendor\\laravel\\framework\\src\\Illuminate\\Routing\\Router.php(617): Illuminate\\Routing\\Router->dispatchToRoute(Object(Illuminate\\Http\\Request))\n#31 D:\\projects\\rapot\\vendor\\laravel\\framework\\src\\Illuminate\\Foundation\\Http\\Kernel.php(165): Illuminate\\Routing\\Router->dispatch(Object(Illuminate\\Http\\Request))\n#32 D:\\projects\\rapot\\vendor\\laravel\\framework\\src\\Illuminate\\Pipeline\\Pipeline.php(128): Illuminate\\Foundation\\Http\\Kernel->Illuminate\\Foundation\\Http\\{closure}(Object(Illuminate\\Http\\Request))\n#33 D:\\projects\\rapot\\vendor\\laravel\\framework\\src\\Illuminate\\Foundation\\Http\\Middleware\\TransformsRequest.php(21): Illuminate\\Pipeline\\Pipeline->Illuminate\\Pipeline\\{closure}(Object(Illuminate\\Http\\Request))\n#34 D:\\projects\\rapot\\vendor\\laravel\\framework\\src\\Illuminate\\Pipeline\\Pipeline.php(167): Illuminate\\Foundation\\Http\\Middleware\\TransformsRequest->handle(Object(Illuminate\\Http\\Request), Object(Closure))\n#35 D:\\projects\\rapot\\vendor\\laravel\\framework\\src\\Illuminate\\Foundation\\Http\\Middleware\\TransformsRequest.php(21): Illuminate\\Pipeline\\Pipeline->Illuminate\\Pipeline\\{closure}(Object(Illuminate\\Http\\Request))\n#36 D:\\projects\\rapot\\vendor\\laravel\\framework\\src\\Illuminate\\Pipeline\\Pipeline.php(167): Illuminate\\Foundation\\Http\\Middleware\\TransformsRequest->handle(Object(Illuminate\\Http\\Request), Object(Closure))\n#37 D:\\projects\\rapot\\vendor\\laravel\\framework\\src\\Illuminate\\Foundation\\Http\\Middleware\\ValidatePostSize.php(27): Illuminate\\Pipeline\\Pipeline->Illuminate\\Pipeline\\{closure}(Object(Illuminate\\Http\\Request))\n#38 D:\\projects\\rapot\\vendor\\laravel\\framework\\src\\Illuminate\\Pipeline\\Pipeline.php(167): Illuminate\\Foundation\\Http\\Middleware\\ValidatePostSize->handle(Object(Illuminate\\Http\\Request), Object(Closure))\n#39 D:\\projects\\rapot\\vendor\\laravel\\framework\\src\\Illuminate\\Foundation\\Http\\Middleware\\CheckForMaintenanceMode.php(63): Illuminate\\Pipeline\\Pipeline->Illuminate\\Pipeline\\{closure}(Object(Illuminate\\Http\\Request))\n#40 D:\\projects\\rapot\\vendor\\laravel\\framework\\src\\Illuminate\\Pipeline\\Pipeline.php(167): Illuminate\\Foundation\\Http\\Middleware\\CheckForMaintenanceMode->handle(Object(Illuminate\\Http\\Request), Object(Closure))\n#41 D:\\projects\\rapot\\vendor\\fruitcake\\laravel-cors\\src\\HandleCors.php(38): Illuminate\\Pipeline\\Pipeline->Illuminate\\Pipeline\\{closure}(Object(Illuminate\\Http\\Request))\n#42 D:\\projects\\rapot\\vendor\\laravel\\framework\\src\\Illuminate\\Pipeline\\Pipeline.php(167): Fruitcake\\Cors\\HandleCors->handle(Object(Illuminate\\Http\\Request), Object(Closure))\n#43 D:\\projects\\rapot\\vendor\\fideloper\\proxy\\src\\TrustProxies.php(57): Illuminate\\Pipeline\\Pipeline->Illuminate\\Pipeline\\{closure}(Object(Illuminate\\Http\\Request))\n#44 D:\\projects\\rapot\\vendor\\laravel\\framework\\src\\Illuminate\\Pipeline\\Pipeline.php(167): Fideloper\\Proxy\\TrustProxies->handle(Object(Illuminate\\Http\\Request), Object(Closure))\n#45 D:\\projects\\rapot\\vendor\\laravel\\framework\\src\\Illuminate\\Pipeline\\Pipeline.php(103): Illuminate\\Pipeline\\Pipeline->Illuminate\\Pipeline\\{closure}(Object(Illuminate\\Http\\Request))\n#46 D:\\projects\\rapot\\vendor\\laravel\\framework\\src\\Illuminate\\Foundation\\Http\\Kernel.php(140): Illuminate\\Pipeline\\Pipeline->then(Object(Closure))\n#47 D:\\projects\\rapot\\vendor\\laravel\\framework\\src\\Illuminate\\Foundation\\Http\\Kernel.php(109): Illuminate\\Foundation\\Http\\Kernel->sendRequestThroughRouter(Object(Illuminate\\Http\\Request))\n#48 D:\\projects\\rapot\\public\\index.php(55): Illuminate\\Foundation\\Http\\Kernel->handle(Object(Illuminate\\Http\\Request))\n#49 D:\\projects\\rapot\\server.php(21): require_once(\'D:\\\\projects\\\\rap...\')\n#50 {main}\n\nNext Illuminate\\Database\\QueryException: SQLSTATE[23000]: Integrity constraint violation: 1048 Column \'name_absen_type\' cannot be null (SQL: insert into `absen_type` (`id`, `name_absen_type`, `description`, `created_at`) values (051378e0-009c-11ec-90f4-05a04f419e54, ?, ?, 2021-08-19 11:17:44)) in D:\\projects\\rapot\\vendor\\laravel\\framework\\src\\Illuminate\\Database\\Connection.php:671\nStack trace:\n#0 D:\\projects\\rapot\\vendor\\laravel\\framework\\src\\Illuminate\\Database\\Connection.php(631): Illuminate\\Database\\Connection->runQueryCallback(\'insert into `ab...\', Array, Object(Closure))\n#1 D:\\projects\\rapot\\vendor\\laravel\\framework\\src\\Illuminate\\Database\\Connection.php(465): Illuminate\\Database\\Connection->run(\'insert into `ab...\', Array, Object(Closure))\n#2 D:\\projects\\rapot\\vendor\\laravel\\framework\\src\\Illuminate\\Database\\Connection.php(417): Illuminate\\Database\\Connection->statement(\'insert into `ab...\', Array)\n#3 D:\\projects\\rapot\\vendor\\laravel\\framework\\src\\Illuminate\\Database\\Query\\Builder.php(2795): Illuminate\\Database\\Connection->insert(\'insert into `ab...\', Array)\n#4 D:\\projects\\rapot\\app\\Http\\Controllers\\MasterAbsenTypeController.php(84): Illuminate\\Database\\Query\\Builder->insert(Array)\n#5 D:\\projects\\rapot\\vendor\\laravel\\framework\\src\\Illuminate\\Routing\\Controller.php(54): App\\Http\\Controllers\\MasterAbsenTypeController->store()\n#6 D:\\projects\\rapot\\vendor\\laravel\\framework\\src\\Illuminate\\Routing\\ControllerDispatcher.php(45): Illuminate\\Routing\\Controller->callAction(\'store\', Array)\n#7 D:\\projects\\rapot\\vendor\\laravel\\framework\\src\\Illuminate\\Routing\\Route.php(239): Illuminate\\Routing\\ControllerDispatcher->dispatch(Object(Illuminate\\Routing\\Route), Object(App\\Http\\Controllers\\MasterAbsenTypeController), \'store\')\n#8 D:\\projects\\rapot\\vendor\\laravel\\framework\\src\\Illuminate\\Routing\\Route.php(196): Illuminate\\Routing\\Route->runController()\n#9 D:\\projects\\rapot\\vendor\\laravel\\framework\\src\\Illuminate\\Routing\\Router.php(685): Illuminate\\Routing\\Route->run()\n#10 D:\\projects\\rapot\\vendor\\laravel\\framework\\src\\Illuminate\\Pipeline\\Pipeline.php(128): Illuminate\\Routing\\Router->Illuminate\\Routing\\{closure}(Object(Illuminate\\Http\\Request))\n#11 D:\\projects\\rapot\\vendor\\laravel\\framework\\src\\Illuminate\\Routing\\Middleware\\SubstituteBindings.php(41): Illuminate\\Pipeline\\Pipeline->Illuminate\\Pipeline\\{closure}(Object(Illuminate\\Http\\Request))\n#12 D:\\projects\\rapot\\vendor\\laravel\\framework\\src\\Illuminate\\Pipeline\\Pipeline.php(167): Illuminate\\Routing\\Middleware\\SubstituteBindings->handle(Object(Illuminate\\Http\\Request), Object(Closure))\n#13 D:\\projects\\rapot\\vendor\\laravel\\framework\\src\\Illuminate\\Foundation\\Http\\Middleware\\VerifyCsrfToken.php(78): Illuminate\\Pipeline\\Pipeline->Illuminate\\Pipeline\\{closure}(Object(Illuminate\\Http\\Request))\n#14 D:\\projects\\rapot\\vendor\\laravel\\framework\\src\\Illuminate\\Pipeline\\Pipeline.php(167): Illuminate\\Foundation\\Http\\Middleware\\VerifyCsrfToken->handle(Object(Illuminate\\Http\\Request), Object(Closure))\n#15 D:\\projects\\rapot\\vendor\\laravel\\framework\\src\\Illuminate\\View\\Middleware\\ShareErrorsFromSession.php(49): Illuminate\\Pipeline\\Pipeline->Illuminate\\Pipeline\\{closure}(Object(Illuminate\\Http\\Request))\n#16 D:\\projects\\rapot\\vendor\\laravel\\framework\\src\\Illuminate\\Pipeline\\Pipeline.php(167): Illuminate\\View\\Middleware\\ShareErrorsFromSession->handle(Object(Illuminate\\Http\\Request), Object(Closure))\n#17 D:\\projects\\rapot\\vendor\\laravel\\framework\\src\\Illuminate\\Session\\Middleware\\StartSession.php(116): Illuminate\\Pipeline\\Pipeline->Illuminate\\Pipeline\\{closure}(Object(Illuminate\\Http\\Request))\n#18 D:\\projects\\rapot\\vendor\\laravel\\framework\\src\\Illuminate\\Session\\Middleware\\StartSession.php(62): Illuminate\\Session\\Middleware\\StartSession->handleStatefulRequest(Object(Illuminate\\Http\\Request), Object(Illuminate\\Session\\Store), Object(Closure))\n#19 D:\\projects\\rapot\\vendor\\laravel\\framework\\src\\Illuminate\\Pipeline\\Pipeline.php(167): Illuminate\\Session\\Middleware\\StartSession->handle(Object(Illuminate\\Http\\Request), Object(Closure))\n#20 D:\\projects\\rapot\\vendor\\laravel\\framework\\src\\Illuminate\\Cookie\\Middleware\\AddQueuedCookiesToResponse.php(37): Illuminate\\Pipeline\\Pipeline->Illuminate\\Pipeline\\{closure}(Object(Illuminate\\Http\\Request))\n#21 D:\\projects\\rapot\\vendor\\laravel\\framework\\src\\Illuminate\\Pipeline\\Pipeline.php(167): Illuminate\\Cookie\\Middleware\\AddQueuedCookiesToResponse->handle(Object(Illuminate\\Http\\Request), Object(Closure))\n#22 D:\\projects\\rapot\\vendor\\laravel\\framework\\src\\Illuminate\\Cookie\\Middleware\\EncryptCookies.php(67): Illuminate\\Pipeline\\Pipeline->Illuminate\\Pipeline\\{closure}(Object(Illuminate\\Http\\Request))\n#23 D:\\projects\\rapot\\vendor\\laravel\\framework\\src\\Illuminate\\Pipeline\\Pipeline.php(167): Illuminate\\Cookie\\Middleware\\EncryptCookies->handle(Object(Illuminate\\Http\\Request), Object(Closure))\n#24 D:\\projects\\rapot\\vendor\\laravel\\framework\\src\\Illuminate\\Pipeline\\Pipeline.php(103): Illuminate\\Pipeline\\Pipeline->Illuminate\\Pipeline\\{closure}(Object(Illuminate\\Http\\Request))\n#25 D:\\projects\\rapot\\vendor\\laravel\\framework\\src\\Illuminate\\Routing\\Router.php(687): Illuminate\\Pipeline\\Pipeline->then(Object(Closure))\n#26 D:\\projects\\rapot\\vendor\\laravel\\framework\\src\\Illuminate\\Routing\\Router.php(662): Illuminate\\Routing\\Router->runRouteWithinStack(Object(Illuminate\\Routing\\Route), Object(Illuminate\\Http\\Request))\n#27 D:\\projects\\rapot\\vendor\\laravel\\framework\\src\\Illuminate\\Routing\\Router.php(628): Illuminate\\Routing\\Router->runRoute(Object(Illuminate\\Http\\Request), Object(Illuminate\\Routing\\Route))\n#28 D:\\projects\\rapot\\vendor\\laravel\\framework\\src\\Illuminate\\Routing\\Router.php(617): Illuminate\\Routing\\Router->dispatchToRoute(Object(Illuminate\\Http\\Request))\n#29 D:\\projects\\rapot\\vendor\\laravel\\framework\\src\\Illuminate\\Foundation\\Http\\Kernel.php(165): Illuminate\\Routing\\Router->dispatch(Object(Illuminate\\Http\\Request))\n#30 D:\\projects\\rapot\\vendor\\laravel\\framework\\src\\Illuminate\\Pipeline\\Pipeline.php(128): Illuminate\\Foundation\\Http\\Kernel->Illuminate\\Foundation\\Http\\{closure}(Object(Illuminate\\Http\\Request))\n#31 D:\\projects\\rapot\\vendor\\laravel\\framework\\src\\Illuminate\\Foundation\\Http\\Middleware\\TransformsRequest.php(21): Illuminate\\Pipeline\\Pipeline->Illuminate\\Pipeline\\{closure}(Object(Illuminate\\Http\\Request))\n#32 D:\\projects\\rapot\\vendor\\laravel\\framework\\src\\Illuminate\\Pipeline\\Pipeline.php(167): Illuminate\\Foundation\\Http\\Middleware\\TransformsRequest->handle(Object(Illuminate\\Http\\Request), Object(Closure))\n#33 D:\\projects\\rapot\\vendor\\laravel\\framework\\src\\Illuminate\\Foundation\\Http\\Middleware\\TransformsRequest.php(21): Illuminate\\Pipeline\\Pipeline->Illuminate\\Pipeline\\{closure}(Object(Illuminate\\Http\\Request))\n#34 D:\\projects\\rapot\\vendor\\laravel\\framework\\src\\Illuminate\\Pipeline\\Pipeline.php(167): Illuminate\\Foundation\\Http\\Middleware\\TransformsRequest->handle(Object(Illuminate\\Http\\Request), Object(Closure))\n#35 D:\\projects\\rapot\\vendor\\laravel\\framework\\src\\Illuminate\\Foundation\\Http\\Middleware\\ValidatePostSize.php(27): Illuminate\\Pipeline\\Pipeline->Illuminate\\Pipeline\\{closure}(Object(Illuminate\\Http\\Request))\n#36 D:\\projects\\rapot\\vendor\\laravel\\framework\\src\\Illuminate\\Pipeline\\Pipeline.php(167): Illuminate\\Foundation\\Http\\Middleware\\ValidatePostSize->handle(Object(Illuminate\\Http\\Request), Object(Closure))\n#37 D:\\projects\\rapot\\vendor\\laravel\\framework\\src\\Illuminate\\Foundation\\Http\\Middleware\\CheckForMaintenanceMode.php(63): Illuminate\\Pipeline\\Pipeline->Illuminate\\Pipeline\\{closure}(Object(Illuminate\\Http\\Request))\n#38 D:\\projects\\rapot\\vendor\\laravel\\framework\\src\\Illuminate\\Pipeline\\Pipeline.php(167): Illuminate\\Foundation\\Http\\Middleware\\CheckForMaintenanceMode->handle(Object(Illuminate\\Http\\Request), Object(Closure))\n#39 D:\\projects\\rapot\\vendor\\fruitcake\\laravel-cors\\src\\HandleCors.php(38): Illuminate\\Pipeline\\Pipeline->Illuminate\\Pipeline\\{closure}(Object(Illuminate\\Http\\Request))\n#40 D:\\projects\\rapot\\vendor\\laravel\\framework\\src\\Illuminate\\Pipeline\\Pipeline.php(167): Fruitcake\\Cors\\HandleCors->handle(Object(Illuminate\\Http\\Request), Object(Closure))\n#41 D:\\projects\\rapot\\vendor\\fideloper\\proxy\\src\\TrustProxies.php(57): Illuminate\\Pipeline\\Pipeline->Illuminate\\Pipeline\\{closure}(Object(Illuminate\\Http\\Request))\n#42 D:\\projects\\rapot\\vendor\\laravel\\framework\\src\\Illuminate\\Pipeline\\Pipeline.php(167): Fideloper\\Proxy\\TrustProxies->handle(Object(Illuminate\\Http\\Request), Object(Closure))\n#43 D:\\projects\\rapot\\vendor\\laravel\\framework\\src\\Illuminate\\Pipeline\\Pipeline.php(103): Illuminate\\Pipeline\\Pipeline->Illuminate\\Pipeline\\{closure}(Object(Illuminate\\Http\\Request))\n#44 D:\\projects\\rapot\\vendor\\laravel\\framework\\src\\Illuminate\\Foundation\\Http\\Kernel.php(140): Illuminate\\Pipeline\\Pipeline->then(Object(Closure))\n#45 D:\\projects\\rapot\\vendor\\laravel\\framework\\src\\Illuminate\\Foundation\\Http\\Kernel.php(109): Illuminate\\Foundation\\Http\\Kernel->sendRequestThroughRouter(Object(Illuminate\\Http\\Request))\n#46 D:\\projects\\rapot\\public\\index.php(55): Illuminate\\Foundation\\Http\\Kernel->handle(Object(Illuminate\\Http\\Request))\n#47 D:\\projects\\rapot\\server.php(21): require_once(\'D:\\\\projects\\\\rap...\')\n#48 {main}', 'MasterAbsenController@store', '2021-08-19 11:17:44');
/*!40000 ALTER TABLE `log_error` ENABLE KEYS */;

-- Dumping structure for table raport.quiz
CREATE TABLE IF NOT EXISTS `quiz` (
  `id` varchar(50) DEFAULT NULL,
  `name_quiz` varchar(50) NOT NULL,
  `description` text NOT NULL,
  `is_deleted` tinyint(1) DEFAULT 0,
  `created_at` datetime DEFAULT NULL,
  `updated_at` datetime DEFAULT NULL
) ENGINE=InnoDB DEFAULT CHARSET=utf8mb4;

-- Dumping data for table raport.quiz: ~4 rows (approximately)
/*!40000 ALTER TABLE `quiz` DISABLE KEYS */;
INSERT INTO `quiz` (`id`, `name_quiz`, `description`, `is_deleted`, `created_at`, `updated_at`) VALUES
	('f93add00-ffbe-11eb-baa1-21dadd3ae788', 'kuis 1', 'MUSTAWA AWWAL', 0, '2021-08-18 00:55:25', NULL),
	('eae95240-0071-11ec-8ab3-4df72210ee91', 'kuis 2', 'MUSTAWA TSAANIY', 0, '2021-08-18 22:16:21', NULL),
	('93db68c0-022e-11ec-bfb3-956a79897497', 'kuis 3', 'MUSTAWA TSAALITS', 0, '2021-08-21 11:19:21', '2021-08-21 11:21:10');
/*!40000 ALTER TABLE `quiz` ENABLE KEYS */;

-- Dumping structure for table raport.quiz_date
CREATE TABLE IF NOT EXISTS `quiz_date` (
  `id` varchar(50) DEFAULT NULL,
  `quiz_id` varchar(50) DEFAULT NULL,
  `class_room_id` varchar(50) DEFAULT NULL,
  `date` varchar(10) DEFAULT NULL,
  `created_at` datetime DEFAULT NULL,
  `updated_at` datetime DEFAULT NULL
) ENGINE=InnoDB DEFAULT CHARSET=utf8mb4;

-- Dumping data for table raport.quiz_date: ~12 rows (approximately)
/*!40000 ALTER TABLE `quiz_date` DISABLE KEYS */;
INSERT INTO `quiz_date` (`id`, `quiz_id`, `class_room_id`, `date`, `created_at`, `updated_at`) VALUES
	('5bc072b0-022a-11ec-86de-7985aae8d465', 'f93add00-ffbe-11eb-baa1-21dadd3ae788', 'c9998c40-ffbe-11eb-8487-1d4968e9ac20', '08/01', '2021-08-21 10:49:09', NULL),
	('5bc07f60-022a-11ec-a1ec-3fbe9f1dc758', 'f93add00-ffbe-11eb-baa1-21dadd3ae788', 'c9998c40-ffbe-11eb-8487-1d4968e9ac20', '08/02', '2021-08-21 10:49:09', NULL),
	('5bc08fb0-022a-11ec-bfd8-69f4c04198c0', 'f93add00-ffbe-11eb-baa1-21dadd3ae788', 'c9998c40-ffbe-11eb-8487-1d4968e9ac20', '08/03', '2021-08-21 10:49:09', NULL),
	('5bc0e150-022a-11ec-b1bf-9bdac8b44a9c', 'f93add00-ffbe-11eb-baa1-21dadd3ae788', 'c9998c40-ffbe-11eb-8487-1d4968e9ac20', '08/04', '2021-08-21 10:49:09', NULL),
	('a93900f0-022d-11ec-959e-e5b96b7282d1', 'eae95240-0071-11ec-8ab3-4df72210ee91', 'c3843650-00ed-11ec-b74e-39672f6ef9f4', '06/01', '2021-08-21 11:12:47', NULL),
	('a9396e40-022d-11ec-8d2b-773ba1f26073', 'eae95240-0071-11ec-8ab3-4df72210ee91', 'c3843650-00ed-11ec-b74e-39672f6ef9f4', '06/02', '2021-08-21 11:12:47', NULL),
	('a93988b0-022d-11ec-ac79-b56808eaf3f8', 'eae95240-0071-11ec-8ab3-4df72210ee91', 'c3843650-00ed-11ec-b74e-39672f6ef9f4', '06/03', '2021-08-21 11:12:47', NULL),
	('a939c4a0-022d-11ec-9491-abdcb7b74857', 'eae95240-0071-11ec-8ab3-4df72210ee91', 'c3843650-00ed-11ec-b74e-39672f6ef9f4', '06/04', '2021-08-21 11:12:47', NULL),
	('ad2043d0-022e-11ec-a891-e7ea40882610', '93db68c0-022e-11ec-bfb3-956a79897497', 'c3843650-00ed-11ec-b74e-39672f6ef9f4', '06/20', '2021-08-21 11:20:03', NULL),
	('ad208df0-022e-11ec-9f77-dbb71605366b', '93db68c0-022e-11ec-bfb3-956a79897497', 'c3843650-00ed-11ec-b74e-39672f6ef9f4', '06/21', '2021-08-21 11:20:03', NULL),
	('ad20a130-022e-11ec-a1eb-79305d15e11d', '93db68c0-022e-11ec-bfb3-956a79897497', 'c3843650-00ed-11ec-b74e-39672f6ef9f4', '06/22', '2021-08-21 11:20:03', NULL),
	('ad20b2f0-022e-11ec-9530-553e0f860372', '93db68c0-022e-11ec-bfb3-956a79897497', 'c3843650-00ed-11ec-b74e-39672f6ef9f4', '06/23', '2021-08-21 11:20:03', NULL);
/*!40000 ALTER TABLE `quiz_date` ENABLE KEYS */;

-- Dumping structure for table raport.quiz_student
CREATE TABLE IF NOT EXISTS `quiz_student` (
  `id` varchar(50) DEFAULT NULL,
  `class_room_id` varchar(50) DEFAULT NULL,
  `quiz_id` varchar(50) DEFAULT NULL,
  `student_id` varchar(50) DEFAULT NULL,
  `value` int(11) DEFAULT NULL,
  `grade` varchar(50) DEFAULT NULL,
  `note` text DEFAULT NULL,
  `is_deleted` tinyint(1) DEFAULT 0,
  `created_at` datetime DEFAULT NULL,
  `updated_at` datetime DEFAULT NULL
) ENGINE=InnoDB DEFAULT CHARSET=utf8mb4;

-- Dumping data for table raport.quiz_student: ~3 rows (approximately)
/*!40000 ALTER TABLE `quiz_student` DISABLE KEYS */;
INSERT INTO `quiz_student` (`id`, `class_room_id`, `quiz_id`, `student_id`, `value`, `grade`, `note`, `is_deleted`, `created_at`, `updated_at`) VALUES
	('5bc03530-022a-11ec-b541-6d8f569f5aef', 'c9998c40-ffbe-11eb-8487-1d4968e9ac20', 'f93add00-ffbe-11eb-baa1-21dadd3ae788', 'd03cb280-ffbe-11eb-846b-83c8ff0bd825', 94, 'Mumtazah', 'Penyebutan huruf jangan ada hamzah.  selebihnya sudah bagus dan semangat selalu dalam berlatih.', 0, '2021-08-21 10:49:09', '2021-08-21 11:12:02'),
	('a938c830-022d-11ec-9408-f5dc89df3aa9', 'c3843650-00ed-11ec-b74e-39672f6ef9f4', 'eae95240-0071-11ec-8ab3-4df72210ee91', 'd03cb280-ffbe-11eb-846b-83c8ff0bd825', 83, 'Jayyid Jiddan', 'huruf ada hamzah  pada  , membaca huruf berharokat terdapat mad. selebihnya sudah  ada perkembangan yang bagus dan semangat selalu dalam berlatih.', 0, '2021-08-21 11:12:47', '2021-08-21 11:13:23'),
	('7fbe37f0-0230-11ec-9cc9-113d16d96bbe', 'c3843650-00ed-11ec-b74e-39672f6ef9f4', '93db68c0-022e-11ec-bfb3-956a79897497', 'd03cb280-ffbe-11eb-846b-83c8ff0bd825', 90, 'Jayyid Jiddan', 'huruf ada hamzah  pada  , membaca huruf berharokat terdapat mad. selebihnya sudah  ada perkembangan yang bagus dan semangat selalu dalam berlatih.', 0, '2021-08-21 11:33:06', '2021-08-21 11:37:09');
/*!40000 ALTER TABLE `quiz_student` ENABLE KEYS */;

-- Dumping structure for table raport.student
CREATE TABLE IF NOT EXISTS `student` (
  `id` varchar(50) DEFAULT NULL,
  `name_student` varchar(50) NOT NULL,
  `is_deleted` tinyint(1) DEFAULT 0,
  `created_at` datetime DEFAULT NULL,
  `updated_at` datetime DEFAULT NULL
) ENGINE=InnoDB DEFAULT CHARSET=utf8mb4;

-- Dumping data for table raport.student: ~3 rows (approximately)
/*!40000 ALTER TABLE `student` DISABLE KEYS */;
INSERT INTO `student` (`id`, `name_student`, `is_deleted`, `created_at`, `updated_at`) VALUES
	('d03cb280-ffbe-11eb-846b-83c8ff0bd825', 'Nata', 0, '2021-08-18 00:54:16', '2021-08-19 19:16:27'),
	('d3961b10-ffbe-11eb-9225-a76bb8326757', 'Endah Kumalasari', 0, '2021-08-18 00:54:22', NULL),
	('d68ba8a0-ffbe-11eb-b63d-91fd7c9a195b', 'Wulan', 0, '2021-08-18 00:54:27', NULL);
/*!40000 ALTER TABLE `student` ENABLE KEYS */;

/*!40101 SET SQL_MODE=IFNULL(@OLD_SQL_MODE, '') */;
/*!40014 SET FOREIGN_KEY_CHECKS=IFNULL(@OLD_FOREIGN_KEY_CHECKS, 1) */;
/*!40101 SET CHARACTER_SET_CLIENT=@OLD_CHARACTER_SET_CLIENT */;
/*!40111 SET SQL_NOTES=IFNULL(@OLD_SQL_NOTES, 1) */;
